分类,ID,问题,答案,
一、在预约环节，患者有哪些疑问和需求,1,"预约到什么时间？什么时候做检查？
我不知道什么时候在哪里在哪里检查？什么地点？在哪里做检查？
需要去那里预约检查啊？怎么预约？",缴费后系统自动预约，预约时间和地点会以短信的方式，发送到所预留的手机号，若没有收到短信，可以在“重医一院”公众号“检查预约”内查询，也可在门诊负一楼放射科签到机上刷登记码查询。,
,2,需不需要签到，在那里签到？,需要签到，预约时间内到指定地点签到即可。预约时间和地点会以短信的方式，发送到所预留的手机号，若没有收到短信，可以在“重医一院”公众号内查询，也可在门诊负一楼放射科签到机上刷登记码查询。,
,3,哪里看预约签到时间以及准备工作？,"预约时间和地点会以短信的方式，发送到所预留的手机号，若没有收到短信，可以在“重医一院”公众号内查询，也可在门诊负一楼放射科签到机上刷登记码查询。
检查的准备工作也会以短信链接的方式发送到所预留的手机号，需点开链接查看。若没有收到短信，可以在“重医一院”公众号“检查预约”内查询。",
,4,检查前准备？可以吃东西吗，有没有撒子要注意的？,"检查的准备工作也会以短信链接的方式发送到所预留的手机号，需点开链接查看。若没有收到短信，可以在“重医一院”公众号的“检查预约”内查询。
检查胃、胰腺CT的，需要禁食6小时，但可以喝水。检查胆囊肿瘤、胆囊息肉CT的检查需要禁食禁饮6小时。小肠CT增强，前一天晚上需要流质饮食，然后禁饮禁食直到检查结束，口服和爽泻药进行肠道准备，需要携带山莨菪碱和甘露醇到检查室。
检查ERCP（磁共振胰胆管检查）、MRU（磁共振尿路检查），检查前6-8小时开始停止进食饮水。检查上腹部MR增强（钆赛酸二钠）的，检查前空腹4小时，可进食牛奶豆浆等，勿进食固体、渣食。",
,5,怎么更改检查地点和检查时间？,登陆微信“重医一院”公众号，在“检查预约”里面可以自己改约。可以到门诊负一楼放射科登记室，找工作人员改约。也可以在工作时间打电话给89012349，请工作人员改约。,
,6,本部约的时间太长了，我尽快做怎么办呢？有啥办法可以早点做诶？能不能提前做？怎么能尽快做到检查？预约的明天，今天能提前做检查吗？,"放射科的检查都是缴费后系统自动预约的最早时间，只能根据预约时间到相应检查室做检查。也可以去门诊负一楼放射科登记室咨询，分院时间会不会早一些，改约到分院做检查。改约至经纬院区、大礼堂院区、金山院区的方式有三种：
   （1）手机自助改约：关注“重医一院”公众号 → 点击“检查预约” → 选择“改约”，点击改约按钮后显示院区信息，选择院区即可查看其他院区的号源，若有号源且该院区可进行该项检查，即可完成改约。
   （2）人工窗口改约：2号楼负一楼（工作日7:30-18:00，周末与门诊上班时间一致）。
   （3）自助签到机改约：2号楼负一楼放射科登记窗口旁，根据签到机提示操作即可。

   至分院检查可选择乘坐转运交通车或自行前往，附交通时刻表：",
,8,预约检查的时间和地点，怎么预约到其它院区去了？,放射科的检查都是缴费后系统自动预约的最早时间，若本部预约时间过长，会自动预约到等待时间更短的分院去检查。,
,9,为啥子要预约嫩个久诶？为什么这个检查需要预约，而且要等这么久？,重医附一院是重庆三甲医院，接诊的患者很多，所以预约时间比较长。,
,10,退役军人可以马上做检查不？,仅限退役军人本人，当天可以适当优先做检查。,
,11,需要在哪里缴费？,医生开具检查后，可以在门诊任意收费窗口缴费。可以在微信“重医一院”公众号内，点击门诊缴费，手机支付。可以扫描门诊导检单右下角的二维码，进行手机缴费。,
,12,我不晓得预约起没有，怎么看啊？,缴费后系统自动预约，预约时间和地点会以短信的方式，发送到所预留的手机号，若没有收到短信，可以在“重医一院”公众号“检查预约”内查询，也可在门诊负一楼放射科签到机上刷登记码查询。,
,13,单子上说让我看短信，我没收到短信，是怎么回事？我怎么收不到预约的信息？没收到预约短信怎么办？,若没有收到短信，可以在“重医一院”公众号“检查预约”内查询，也可在门诊负一楼放射科签到机上刷登记码查询。,
,14,微信公众号怎么看预约信息啊？,在“重医一院”公众号“检查预约”内查询。,
,15,我现在做的是撒子检查？,您看您的检查申请单上有写具体的检查项目。,
,16,我好久做得到检查？,根据预约时间去相应检查室签到，然后签到的工作人员会给您排队，告知具体检查准备时间。,
,17,最快好久能拿到报告？,平诊的一般24小时左右出报告，急诊2小时左右出报告。可以在“重医一院”微信公众号内，点击“报告查询”查看报告。如果是外地的患者，可以携带身份证到门诊负一楼放射科咨询台，告知工作人员，可加速出报告 。,
,18,这个检查要好多钱？,检查费用根据检查项目而定，项目越多费用越贵，请看缴费清单或手机支付界面。,
,19,我这个检查打不打药？,可以看您的检查项目写的是“平扫”还是“增强”，平扫检查不需要打药，增强检查需要打药。,
,20,我需不需要去拿药？我在哪点去拿药？,增强检查的对比剂不需要患者去拿，放射科使用的对比剂均由放射科工作人员统一领取。,
,21,一个人能不能检查？,一个人可以检查，行动方便的患者，平扫检查是不需要家属陪同的。但是增强检查需要注射对比剂，有过敏风险，最好有家属陪同，如果没有家属陪同，请留下家属电话在检查申请单上，方便联系。,
,22,我想后面有空再来检查可不可以？在哪里可以选择自己想约的时间段，我不知道怎么操作？我这个检查时间能改吗？,可以修改预约时间。登陆微信“重医一院”公众号，在“检查预约”里面可以自己改约。可以到门诊负一楼放射科登记室，找工作人员改约。也可以在工作时间打电话给89012349，请工作人员改约。,
,23,已经预约了，但我又不想做了，可以退费吗？,可以退费，请去门诊负一楼放射科登记室窗口办理退费手续，然后去缴费窗口退费即可。,
,24,手机上看到有号，但是约不进去，怎么办？,如果约不进去，说明可预约的剩余时长不满足您检查所需时长，或者您的检查项目不能在该检查设备上进行。,
,25,我手机号留的不是本人的，在哪里改？,可以去门诊缴费窗口找工作人员修改。,
二、签到环节，患者有哪些疑问和需求,1,如何签到？怎么签到？在哪里签到嘛？在哪点签到？,"请按预约信息发送的签到地点去签到。
预约到门诊负一楼的检查（DR、CT1、CT8），请在预约时间内，在门诊负一楼自助签到机上，刷登记条码点击签到。预约到其他的检查室的，请到相应检查室签到处，由工作人员签到。",
,2,不知道什么时候开始签到？什么时间可以签到啊？,请在检查当天预约时间内签到即可。,
,3,需要提前去签到吗？需要提前多久签到？我可以提前多久签到？,请在检查当天预约时间内签到即可，无需提前签到。,
,4,我约了个核磁共振是明天的，能现在签到吗？我明天的今天可以签到不？,请在检查当天预约时间内签到即可。,
,5,可以在手机上提前签到不？手机上签不了到怎么办？手机上怎么签不起到呢？,请在检查预约时间段进行签到。,
,6,我不会在自助机上面签到，这个怎么用哦？,请将条形码对准签到机扫描口扫描，出现您检查信息显示后，选中您要检查的条目，再根据提示操作。或到人工窗口咨询办理。,
,7,可以在人工窗口签到不？,可以，请在工作时间到窗口办理,
,8,不是预约的这个时间吗，为什么做不到？签到时间就是做检查的时间吗？签了到直接就检查吗？签到后就能做检查吗？我不是预约好了吗？上面不是检查时间吗？,签到时间并非检查时间，取号后请耐心等候检查,
,9,预约时间过了可以做检查吗，还是需要重新排队预约？过了签到时间怎么办？,预约时间过了需要重新预约，重新排队，请按时来做检查。,
,10,为什么我签不起到，怎么不可以马上签到？,请按签到时间显示时段签到，最多可提前半小时进行签到,
,11,我怎么签不起到，扫码扫哪里？,将任何一张左上角有条形码的纸质单的条码对准扫描框进行扫码。,
,12,我需要等待多久时间？我具体还要等好久？,如已取号，请关注叫号屏检查进度。,
,13,是否需要空腹，是否需要准备水，检查之前要做哪些准备？吃了饭、喝了水可不可以做检查？我这个检查需要喝水吗？,请注意查看短信推送内容，如有疑问请到人工窗口咨询,
,14,带不带检查单？还要带单子来嗦？没带检查申请单可不可以签到做检查？,检查请携带检查申请单，如未带检查申请单可出示相关单据进行签到、检查。,
,15,交了单子就可以做检查了吗？,请耐心等待按序叫号。,
,16,签到过后去哪里做检查？,请按签到显示分配的检查室前往等候,
,17,签到过后要做撒子？,请提前去除您检查部位的金属、高密度异物，如女士有胸部检查请提前脱除内衣。,
,18,我检查的哪些位置？,检查项目以医生开具的电子检查申请单项目为准，请向医生咨询确认。,
,19,我这几项检查都在一个地方做检查吗？,同一个类别的检查项目一般都是在一个地方一次性完成检查。不同类别的项目请前往不同科室、检查室进行检查。,
,20,我有（**病、体内有**支架，心脏起搏器）可不可以做检查？,可以做CT检查。如有核磁共振检查请提前告知工作人员进行确认。,
,21,做了检查可不可以接触小孩，孕妇？,可以，DR、CT、核磁共振检查后都是可以接触小孩孕妇的，身体并无放射线存在。,
,22,签到之后我不想做了怎么退费？,请到人工窗口办理,
三、排队环节，患者有哪些疑问和需求,1,以什么顺序为准？,请关注叫号显示屏上的排队、叫号信息,
,2,哪里看号？在哪里可以看到我的号诶？,请关注叫号显示屏上的排队、叫号信息。,
,3,检查室在哪里？在哪个检查室门口等？到哪里排队？,请查看预约签到信息显示的对应检查室，按路标在相应检查室门口排队等候,
,4,排多久的队？等好久？排得到好久？为啥子要等嫩个久？,请关注叫号显示屏上的排队、叫号信息。,
,5,签到后还需要排队吗？签到之后要排好久的队？我需要排队多久才能做检查？,签到后会生成您的排队序号，排队时间长短取决于前方未检人员的多与少，请您耐心等候,
,6,急诊和门诊的等待时间是如何安排的？如果一直来急诊，门诊的患者需要等待几个才能做检查？,急诊患者由于病情紧急需要优先检查，普通患者不会被无限延迟，请耐心等待。,
,7,中途怎么一直有人插队？为什么有人插队啊？他怎么排到我前面去了？,插队号主要为急诊号，病情需优先检查，请理解！,
,8,急诊就可以一直插队吗？那我什么时候才做得到,急诊患者病情紧急需要优先检查，但普通患者不会被无限延迟哦！您的检查进度我们会通过叫号屏显示，您也可以随时问我或工作人员，帮您预估等待时间！,
,9,前面还有还多人？还有好久才到我？,您好！具体时间要看检查进度，您可以留意叫号屏。,
,10,一个人要做多久哦，我前面有两个人，我去一趟卫生间来得及噻,如果是CT或者DR，请再耐心等待一会。如果是磁共振检查，来得及。总之，记得让家属帮忙留意叫号屏或和工作人员说一声！,
,11,可以吃东西不，喝水不，憋尿不？,您好，当您收到预约相关信息后，会附有相应的准备工作告知书，请您仔细阅读，如有其他疑问或不清楚的地方可以到我科分诊台或登记窗口进行咨询,
,12,我过号了怎么办？,需要联系工作人员进行重新排号。,
,13,还有好久到我检查？还有好久到我打针？,您好！具体时间要看检查进度，您可以留意叫号屏。增强检查的注射安排在检查开始前不久，请耐心等待。,
,14,为撒子我的名字没在显示屏上面？,显示屏显示空间有限，如果您已经取到排队号，请耐心等待，留意显示屏。,
,15,转诊是撒子意思？,您好，转诊是指由另一个检查室安排到本检查室的患者转移，此举只为合理安排患者，优选检查室。也许您会担心是否有插队行为。请放心，每一次转诊我们都是按照患者开单缴费时的时间合理安排。,
,16,我也是急诊，为撒子先给其他急诊做检查？,您的心情我们理解！急诊会按病情危重程度优先抢救最紧急的患者（比如胸痛、大出血、昏迷等）。如果您感觉情况加重，请立刻到分诊台重新评估,
,17,我等了这么久，为撒子别个（急诊）一来就做检查？,让您久等确实辛苦啦！急诊患者病情突发紧急，如外伤、脑出血等，必须立刻检查才能救命。不过您别担心，普通检查我们也会按顺序尽快安排的！您可以留意叫号屏进度,
,18,我家很远/外地的，能不能给我插个队提前检查？,特别理解您路途辛苦！但检查必须按病情轻重和报到顺序安排，确保公平。如果您赶时间，我们可以优先帮您约当天最近的空档检查，和分诊台说明情况，若有紧急需求医生会评估调整！  ,
,19,我排到明天/后天的，但我只有今天有时间，我可不可以等你们今天最后一个给我检查了？,理解您时间紧张！检查需按预约安排，临时插队可能影响其他患者哦~ 不过您可以到分诊台说明情况，若有紧急医疗需求会优先评估，我们尽量帮您协调。,
,20,我（或我家属）是退役军人/老年人等，能不能优先给我们检查？,您好，我们可以根据情况适当为您优先检查，但是也需要稍微进行等待。请您到分诊台将您的证件出示给我们的工作人员进行登记，我们将评估后为您协调安排。,
,21,我（或我家属）现在很不舒服/很痛/来回不方便，能不能优先给我们检查？,您好，我们可以根据情况适当为您优先检查，但是也需要稍微进行等待，我们将评估您的病情后为您协调安排。,
,22,我还要等多久检查啊？,您好，请您查看您的检查室及排队号，我们会按照顺序依次检查，每位患者检查部位不同，配合程度不同，时间也会不同，请您耐心等待。,
,23,一个人要检查多久呢？,每位患者检查部位不同，检查方式不同，配合程度不同，时间也会不同，我们会按照顺序尽快为您安排检查，请您耐心等待,
,24,我没听到名字过号了怎么办呀？,您好，如果您过号了请联系我们的分诊台工作人员，我们会根据情况安排您叫号检查,
,25,为什么一个人要检查这么久都不出来？,您好，每位患者检查部位不同，检查方式不同，配合程度不同，时间也会不同，可能前面一位患者检查部位较多或配合稍微差一点，时间相对就会长一些，请您耐心等待。,
,26,我是多少号，前面还有多少人？,您好，您可以看检查室候诊大屏幕，上面有显示排队号，您可以查看您是多少号，现在检查的是多少号，前面排队多少都是可以看到的,
,27,检查能不能提前一点，怎么改时间？,您好，预约的检查时间是根据医生开单时的顺序，电脑自动预约，前面的时间都是患者已经预约好了的，改时间可以手机微信操作，也可以到我们的登记窗口找我们的工作人员更改。,
,28,都排好了，还排什么队？,您好，您之前是预约的这个时间段检查，我们会在您签到后形成检查排队号，按照排队号的顺序依次检查。,
四、关于检查前准备，患者有哪些疑问和需求,1,需要做些什么准备？,您好，当您收到预约相关信息后，会附有相应的准备工作告知书，请您仔细阅读，如有其他疑问或不清楚的地方可以到我科分诊台或登记窗口进行咨询。,
,2,能不能吃饭？需不需要空腹？,您好，请您收到预约相关信息后，仔细阅读准备工作告知书，如有其他疑问或不清楚的地方可以到我科分诊台或登记窗口进行咨询。,
,3,能不能喝水？喝什么水？好久喝水？喝好多？,您好，当您收到预约相关信息后，会附有相应的准备工作告知书，请您仔细阅读，如有其他疑问或不清楚的地方可以到我科分诊台或登记窗口进行咨询。,
,4,带水的目的？,您好，带水是为了检查前进行饮水，第一是为了减轻对比剂的过敏反应，第二是饮水充盈胃肠道，以便提供更好的检查效果。,
,5,你么这里有没有水？有没有杯子？,门诊负一楼：我们这里没有提供水和杯子，需要您自带。其他做增强检查的区域：有提供饮水机，没有杯子，需自带水杯。,
,6,为撒子别个都在喝水我不喝水？,每个人的疾病不一样，检查项目不一样，检查前准备就会有区别。检查胃肠道的需要适当饮水，检查泌尿系统的需要喝水憋尿。如果是做增强CT的患者，除了疾病要求禁饮禁食的和胆囊占位的，其他的检查前后都需要饮水，目的是充盈胃肠道，稀释血液中的对比剂，促进对比剂的排泄，预防过敏。,
,7,喊我们喝水是要憋尿吗？可不可以去上厕所？,只有检查泌尿系统的需要憋尿，其余检查可以不用憋尿。,
,8,需要换衣服裤子不？换下来的衣服放在哪里？,"检查前有工作人员指导您做检查前准备，会告知需不需要换衣服，换什么衣服。
换下来的衣服可以存在更衣室旁边的储物柜内。
CT检查：检查部位不能有金属物品，比如女性患者检查胸部，就需要提前脱内衣，取项链。如果上衣有拉链铁扣子，需要更换成我们准备的病员服。",
,9,CT有没得辐射？,CT是有辐射的。,
,10,磁共振有辐射吗？,磁共振没有辐射。,
,11,我做胸部CT，需要取掉皮带、眼镜和手表吗？,检查部位不能有金属物品即可，比如女性患者检查胸部CT，就需要提前脱内衣，取项链。如果上衣有拉链铁扣子，需要更换成我们准备的病员服。不需要取皮带、眼镜、手表等物品。,
,12,我身上的金属物品要取吗？,"CT检查：检查部位不能有金属物品即可，比如女性患者检查胸部CT，就需要提前脱内衣，取项链。如果上衣有拉链铁扣子，需要更换成我们准备的病员服。不需要取皮带、眼镜、手表等物品。
MRI检查：身上所有金属物品都需要取出之后，才能进去检查室。",
,13,假牙取不取？手链/项链/耳环等取不下来怎么办？,"如果是做CT检查，只需要取检查部位的金属物品即可，检查部位以外的金属物品取不下来也不影响检查；如果是做MRI检查，所有金属物品都需要取下。
但是做头颈、颌面部的CT和MRI检查时，需要取假牙、耳环、项链，取不下来的话会产生金属伪影，影响图像质量。金属物品对MRI的图像影响会比较大。假牙取不掉可以不用取，扫描看一下对检查部位的影响大不大，如果影响不大，就可以继续扫描完成检查，如果影响大可以退费处理。
但是耳环项链必须取下来，自己取不下来的话，可以去外面首饰店取。手链取不下来的话，只要不影响检查部位，可以用布或者纸把手链包起来，与皮肤隔开，避免发热灼伤。",
,14,自己的随身物品放哪里？,可以存储物柜内，也可以随身携带，检查室有放随身物品的区域。,
,15,金银首饰、手机这些可以带进检查室吗？,需要从身上取下来，可以带进检查室，放在指定的置物区域即可。,
,16,我有胃镜/超声/查血，是不是要先做了再来做这个检查？,我科只有增强CT需要大量饮水，胃镜/超声/抽血需要空腹的，可以先做了这几项检查再来做增强CT。我科其他不需要饮水的检查（DR、CT平扫、MRI），检查先后顺序就没有要求了。,
,17,我做了这个增强CT对抽血有影响没？,最好是先抽血再做增强CT。,
,18,我其他检查要到了，我可不可以先去做其他检查？,最好不要离开，一项一项依次完成检查。,
,19,我有个检查要空腹，你们要喊我喝水，我先做哪个检查？,先做空腹的检查。,
,20,等好久，一个人照好久时间？,"您签到后会生成一个排队号，相应的检查室门口有叫号屏，上面会显示已签到的患者排队号和名字，根据签到先后顺序进行检查，请耐心等待。
DR检查一个人几分钟，但是检查部位越多累计时间越长。Ct平扫检查一个人3-4分钟，CT增强检查一个人10分钟左右。MRI检查时间比较久，最快的一个人也要10分钟左右，部位越多时间越长。",
,21,我需不需要打针？,只有增强检查才需要打针，打的耐高压的留置针，需要静脉注射对比剂。,
,22,为撒子要打针？打的什么针？,增强检查需要打针，打的耐高压的留置针。需要静脉注射对比剂，血管显影后和周围组织形成对比，更好辨别病变部位。,
,23,撒子别个打了针没给我打针？,每个人检查项目不一样。只有增强检查需要打针，平扫的检查不需要打针。,
,24,是不是要打麻药？,放射科检查常规不需要打麻药，增强检查打针是静脉注射对比剂，血管显影后和周围组织形成对比，更好辨别病变部位。,
,25,打的什么药？,增强检查打针是静脉注射对比剂，CT增强检查是注射碘对比剂，MRI增强检查是注射钆对比剂。注射对比剂后血管显影，和周围组织形成对比，更好辨别病变部位。,
,26,为什么管子里的药（预冲）不走？,在等候检查时，留置针连接的管子是预充液，不是检查用的对比剂。预充液起到冲管和维持留置针充畅的作用，固定好后不会自动推进去。,
,27,做这个检查有没得风险？,做DR和CT检查会有少许辐射，做MRI检查没有辐射。行增强CT和增强MRI会注射对比剂，有过敏风险，但是过敏机率比较低，大概在万分之几。并且发生过敏后，我科工作人员会及时处理。,
,28,一个人可不可以做检查？,行动方便的，做平扫的检查，可以一个人来做检查。行动不便的，最好有家属陪同，避免跌倒。需要做增强检查的，最好有家属陪同，避免注射对比剂发生过敏反应联系不上家属。如果实在没有家属陪同，可以写下家属电话，如果发生对比剂过敏反应，我科医务人员可以及时联系家属。,
,29,我这个检查做得到好久？,每个检查项目的检查时间有不同。CT平扫检查一个人3分钟左右，增强CT一个人10分钟左右。DR检查，一个部位3分钟左右，部位越多累计时间越长。MR检查，头、椎体平扫等一个部位10分钟左右，关节平扫部位一个关节15分钟左右，血管平扫检查一个部位15分钟左右，腹部平扫检查一个部位10分钟左右；如果是增强检查，在平扫基础上时间加5分钟。乳腺MRI增强25分钟，上腹部增强（钆赛酸二钠）30分钟，胎儿MRI检查单胎30分钟左右、双胎60分钟左右，心脏MRI增强40分钟，,
,30,为撒子比我后来交单子的都进去做检查了还没喊我进去？,医生开医嘱以后，系统会为您自动预约最早的时间段签到排队检查，如果预约的同一时段，系统会优先安排预约在您前面的患者行检查。,
,31,我需不需要吸气闭气？,CT检查：只要检查部位有胸、腹部是有吸气闭气的口令，但因为特殊原因闭气困难，也不会影响做检查和出报告；MR检查：只要检查部位有胸、腹部是有吸气、呼气，请憋住气15~20秒的口令（憋气的过程中腹部不能动保持静止状态），请您按指令完成，否则会影响图像质量和报告的精确性。,
,32,我在哪个检查室做检查？,医生开医嘱以后，系统会为您自动预约最早且适合机型的检查室，门诊患者缴费预约成功后会有短信提醒（若没收到短信可到人工登记窗口咨询）、住院患者由临床护士打印指引单，门诊/住院患者按预约时间到指定的地点签到并排队等候检查。,
,33,打了这个药有没得辐射？,没有辐射，CT增强检查打的碘造影剂、MR增强检查打的钆造影剂，均不是放射性药物。,
,34,打了这个药可不可以接触孕妇和小娃儿？,可以接触，CT增强检查打的碘造影剂、MR增强检查打的钆造影剂，均不是放射性药物，且CT只在检查过程中才会有辐射，检查结束以后也没有放射性辐射，MR是全程都没有辐射的，胎儿也可行的检查。,
,35,手机可不可以带进去？,CT检查室内可以带金属物品、电子产品等进入，检查时只要检查部位没有金属异物即可；MR检查室受磁场影响，请将金属、电子产品等放在指定区域即可。,
,36,上次检查都没喊我喝水/憋尿/打针/用开塞露等等，为撒子这次要做？,根据检查部位的要求，为保证您的图像质量和报告的精准性，请按检查室规范的要求做准备，谢谢您的配合!,
,37,自己上了厕所为什么还需要开塞露？,药物的作用能将肠道内容物清理得更干净，也是为了保证您的图像质量和报告的精准性，请按检查室规范的要求做准备，谢谢您的配合!,
五、关于取报告补片，患者有哪些疑问和需求,1,好久取报告，第二天几点钟来去，上午好久取，下午好久取？,科室规定急诊CT/MR在2小时内出报告，普通CT/MR在24小时内出报告、CTU\CTA\CTV\MRA\MRV血管成像等特殊的检查可能会延迟到36-48小时内出报告，您可以关注“重医一院”公众号可查看报告是否出来。报告出来后，医院也会给您推送短信，请您关注短信。 ,
,2,过几天来取报告，可以吗？,当然可以，您可以复诊的时候再来取报告。,
,3,在哪里打印报告？,打印地点：5号楼B栋一楼或2号楼门诊负一楼放射科自助打印机。,
,4,怎么打印报告？,请用取报告凭证去自助打印机上扫描条形码即可，注意请不要扫到二维码了（二维码是用来关注公众号）。,
,5,一定要24个小时后才看得到报告吗？,不一定，也有可能会提前出来，您可以在“重医一院”公众号上查看报告是否出来。报告出来后，医院也会给您推送短信，请您关注短信。,
,6,为撒子24小时了我还没出报告？,普通CT/MR在24小时内出报告，CTU\CTA\CTV\MRA\MRV血管成像等特殊的检查可能会延迟到36-48小时内出报告，您可以关注“重医一院”公众号可查看报告是否出来。报告出来后，医院也会给您推送短信，请您关注短信。若到了规定的时间未及时出请您联系放射科人工登记咨询窗口查看是原因，他们将通知诊断组医生尽快为您出报告。,
,7,,,
,8,我对报告有疑问，我该找谁？,请您联系放射科人工登记咨询窗口，请他们为您联系诊断医生为您解疑答惑。,
,9,纸质报告被我弄丢了，我该去哪里补打？,请在窗口工作时间去5号楼B栋一楼放射科3号取报告窗口，或者2号楼门诊负一楼放射科人工登记窗口补打即可。,
,10,手机上在哪里看结果？,请您扫取报告凭证上的二维码或微信输入“重医一院”小程序，点击“数字影像”，选择就诊人，点击“同意授权”就可以查看电子报告和影像了。,
,11,可不可以给我办加急取报告？,如您病情紧急、来自外省等特殊情况，可以尝试联系放射科人工登记咨询窗口，请诊断组医生酌情考虑提前出报告，具体多久出，还是请您关注“重医一院”公众号上查看报告。报告出来后，医院也会给您推送短信，请您关注短信。,
,12,,,
,13,报告可不可以邮寄？,很抱歉放射科暂时没有这项服务！,
,14,在网上可不可以看报告？,可以，报告出来后医院会给您推送短信，可在“重医一院”公众号上可以查看电子报告和影像。,
,15,怎么在网上看报告和胶片？,请您扫取报告凭证上的二维码或微信输入“重医一院”小程序，点击“数字影像”，选择就诊人，点击“同意授权”就可以查看电子报告和影像了。,
,16,医生电脑上看不看得到报告和胶片？,当然可以,
,17,我在分院能不能取报告？,当然可以，本部和各分院属于一体化管理。,
,18,为撒子我在网上看不到我的报告和胶片？,很抱歉！请您联系人工登记咨询窗口查看具体原因，并及时为您解决问题。,
,19,我怎么知道我报告出来没得？,您可以在“重医一院”公众号上查看报告是否出来。报告出来后，医院也会给您推送短信，请您关注短信。,
,20,取了报告拿给哪个看？,请您到开单科室的诊室去复诊，或2号楼一楼大厅服务台咨询。,
,21,取了报告需不需要重新挂号？,从您看诊的时间算，3天内不需要重新挂号，或去开单科室的诊室前台咨询。,
,22,不含胶片是什么意思？,现在报告都只有纸质版，没有实体胶片（没有收胶片费用）。,
,23,为啥子没得胶片诶？,主要是因为电子影像技术的普及和信息化建设的推进。电子影像系统（PACS）能够高效存储、传输和调阅影像数据，不仅可以减少您的费用、减少环境污染，同时提高了影像质量、诊断效率和准确性，还便于远程会诊和患者携带保存。此外，电子影像技术减少了患者的等待时间，检查结束后即可上传图像到门诊诊室，提升了就医体验，因此逐渐取代了传统的胶片打印方式。,
,24,为什么现在CT和磁共振不用打胶片了？,主要是因为电子影像技术的普及和信息化建设的推进。电子影像系统（PACS）能够高效存储、传输和调阅影像数据，不仅可以减少您的费用、减少了环境污染，同时提高了影像质量、诊断效率和准确性，还便于远程会诊和患者携带保存。此外，电子影像技术减少了患者的等待时间，检查结束后即可上传图像到门诊诊室，提升了就医体验，因此逐渐取代了传统的胶片打印方式。,
,25,我取了报告，还想要胶片怎么办？,需要补交15元，经工作人员处理后您用原取报告条码在打印机上重新打印胶片,
,26,为什么要交钱才能补胶片？医生不是检查都应该有报告和胶片吗？,15元，国家医保局印发放射检查类价格项目立项指南（试行）统一将实体胶片从项目价格构成中剥离，由患者按需选购，实体胶片实行零差价销售，不捆绑收费。,
,27,胶片需要单独缴费多少？,15元,
,28,为什么还要交15元打胶片呢？,因为现在没有收胶片费用,
,29,在哪里交钱打印胶片？,门诊患者可以扫描报告单上二维码进行缴费，住院患者请医生及时下打胶片医嘱。,
,30,扫码缴胶片的钱怎么扫不起？,要根据具体原因分析，实在不行，您也可以去放射科登记窗口办理,
,31,我已经在网上交了胶片费，为撒子还是打不出胶片？交了补胶片费怎么还取不出来胶片？,请您及时联系放射科工作人员及时处理。,
,32,胶片是在哪里领取？,请您用原取报告条码在打印机上重新打印。,
,33,要等好久拿胶片？,一般缴费后经工作人员处理需要半个小时左右,
,34,胶片袋子在哪里拿？,5号楼B栋1楼放射科3号发报告窗口或者门诊负一楼放射科报告咨询窗口,
,35,我需要胶片怎么打？,门诊患者可以扫描报告单上二维码进行缴费，住院患者请医生及时下打胶片医嘱，工作人员处理后才能打印,
,37,交多少钱，为什么和以前胶片数量不一致？,15元。请您及时联系放射科工作人员查找具体原因后答复您。,
,38,如果夜间或者下班时间，有人负责帮忙处理胶片吗？,有，请联系放射科任何一个检查室工作人员，他们会及时为您处理。,
,39,胶片可以保存多久？,一般影像保存一个月左右,
,40,怎么拷贝原始影像？,"拷贝地点在7号楼205室:89012710，请携带病人及家属居民身份证原件及复印件、携带纸质检查报告复印件，并自行准备新U盘(不能带光盘,系统不支持光盘刻盘)",
,41,电子胶片查询流程？,请您扫码“重医一院”小程序，点击“数字影像”，选择就诊人，点击“同意授权”就可以查看电子报告和影像了,
,42,部队医院能否查看报告和胶片？,目前部分部队医院参与了影像检查互认，能否查看请具体咨询哈您要急诊的医院,
,43,我没得胶片的话，去其他医院，医生怎么看得到我的片子啊？,在重庆本地，除了军区医院无法跨越调阅，其他公立医院均可在门诊系统进行跨院调阅，如您有需要去军区医院就诊，建议您携带影像资料前去就诊。,
,44,你说全重庆市的电子影像都是可以通看，在哪里看哦？,其他医院的医生可通过门诊系统进行跨院调阅查看。,
六、关于费用问题，患者有哪些疑问和需求,1,我这个检查好多钱？检查费用好多？,可以通过交费的发票清单或者本次检查申请单右下角的费用查询到本次检查费用是多少。,
,2,做CT好多钱啊？,这个是按照检查部位和检查项目收费的，需要您提供具体的检查项目才能计算具体费用,
,3,照片好多钱啊？,这个是按照检查部位和检查项目收费的，需要您提供具体的检查项目才能计算具体费用,
,4,这个费用是按啥子收的？,根据重庆市物价标准执行，具体检查费用根据所做检查项目而定，检查项目越多，费用越贵,
,5,你们费用是怎么收的，这么贵？,检查费用根据您的检查项目而定，检查项目越多费用越贵，您的缴费清单可以进行查看,
,6,有几个检查项目？,查看医生开据的检查申请单，上面显示了具体的检查部位和项目,
,7,医保报销比例是好多？,不同医保类型的报销比例不一样，具体报销比例请前往医保科进行咨询,
,8,检查费可以报销吗？,检查费能否报销和您的医保类型有关，可前往医保科进行咨询,
,9,报账的流程？,请前往一号楼一楼医保科进行咨询,
,10,这个药可不可以报销？,请前往一号楼一楼医保科进行咨询,
,11,外地的可以报销好多诶？,请前往一号楼一楼医保科进行咨询,
,12,特病怎么没有报销？,请前往一号楼一楼医保科进行咨询,
,13,我是特病，这个钱怎么收的？,特病的报销比例及收费标准可前往医保科进行咨询,
,14,怎么这次没有开特病呢？,开据特病检查单需提前告知开单医生，如果需要，可将此次检查退费取消后重新开据检查单,
,15,怎么有重复的费用？,如果分开开具的同一种检查，可能会产生重复的费用，具体可以咨询放射科工作人员进行查询。,
,16,需要报账找哪个？,报账等问题需携带缴费单据前往医保收费处进行办理,
,17,我不想做这个检查了，可不可以退费？,可以，请到门诊负一楼放射科登记室人工窗口办理退费手续,
,18,我做检查不成功，能全部退费吗？,如果您做的是增强检查，已经使用的耗材和输注的药品无法退费，检查费用可以退费,
,19,我检查了一部分项目，有项目没能完成检查，退得到好多钱？,根据您检查项目完成情况进行退费，未完成的项目可以进行退费，具体退费金额请咨询放射科登记室工作人员,
,20,如果检查没有做，可以退费吗？,可以，请到门诊负一楼放射科登记室人工窗口办理退费手续,
,21,如果检查失败，是退哪些费用？,如果您做的是增强检查，已经使用的耗材和输注的药品无法退费，检查费用可以退费,
,22,在哪里退费？,门诊负一楼放射科登记室人工窗口办理退费手续,
,23,费用交完没有？,您可以在“重医一院”小程序中门诊缴费查看有无待缴费用，或收费窗口进行查询是否有待缴费用，,
,24,需要补交药费吗？,一般药费是随检查项目打包的，药费和检查项目一起缴费；如遇系统故障未开药费，则需要单独补交药费；另外，体检中心开出的增强检查需要单独补交药费。,
,25,补费退费在哪里处理？,在门诊负一楼的登记窗口办理后拿到收费窗口去办理。,
,26,为什么复查每次价格不一样？,每次检查的费用由检查项目和药费构成；如每次检查项目完全一致，费用不同可能是因为不同厂家对比剂价格不同。,
,27,为什么上次的费用和这次的费用不一样？,每次检查的费用由检查项目和药费构成；如每次检查项目完全一致，费用不同可能是因为不同厂家对比剂价格不同。,
,28,为什么有些人检查费便宜些，有些贵些呢？,可能是由于检查项目不同或对比剂不同。,
,29,为什么我在其它医院做同样的检查它们便宜些，我你们的贵些？,不同地区和医院的收费可能存在差异，我科所有检查收费严格按政府定价执行。,
,30,手机上怎么缴费？,门诊患者可以打开微信小程序“重医一院”，点击“门诊缴费”，选择就诊人，选择相应的检查，即可进行线上支付。,
,31,怎么缴费？,门诊患者可以打开微信小程序“重医一院”，点击“门诊缴费”，选择就诊人，选择相应的检查，即可进行线上支付；也可以携医保卡到门诊收费窗口或门诊自助缴费机缴费。,
,32,我需要片子，怎么交费？,门诊患者可到门诊负一楼放射科登记窗口办理；住院患者需要医生开具CT补打胶片/MR补打胶片的医嘱，然后到5号楼B栋1楼的3号放射科登记窗口办理。,这个问题后期会实现信息化
,33,补片多少钱,"实体胶片不再打包计入检查价格，仅在患者确有需求且知情
同意下方可收取费用，实体胶片按实际采购价格零差率销售",
,34,想清楚自己的费用明细，怎么办？,住院患者可通过“重医一院”微信小程序，点击“费用查询”查看自己的费用明细；,
七、关于检查项目，患者有哪些疑问和需求,1,项目做完了没得？,您可点击“重医一院”微信小程序，点击“检查预约”，查看有无未检查项目。,
,2,还有哪些项目没做？,您可点击“重医一院”微信小程序，点击“检查预约”，查看有有哪些未检查项目。,
,3,增强和平扫的区别？,"平扫（普通扫描）:不注射任何对比剂，直接通过CT、MRI等设备对检查部位进行常规扫描。 
主要用于观察解剖结构（如器官形态、密度/信号变化），但无法直接显示血流或血管细节。

增强扫描:在平扫基础上，通过静脉注射碘剂（CT）或钆剂（MRI）等对比剂，利用对比剂在血管或组织中的分布差异，显示病变的血流供应、血管形态或代谢活性，帮助区分病变性质（如良恶性）。",
,4,我能临时增加一个检查吗？,"检查项目必须和医嘱（电子申请单）一致，如需临时加一个项目，则需要医生重新开具医嘱。
门诊患者： 
1. 返回开单医生处，说明需求，由医生评估后开具新检查单。 
2. 缴费后到检查科室重新预约或插队（需与科室协调）。 
住院患者： 
返回住院部由管床医生重新开具新医嘱，患者携带检查申请单到我科重新预约或保持此次排队顺序（需与科室协调）。",
,5,我还想加一个项目，可不可以加？,"检查项目必须和医嘱（电子申请单）一致，如需临时加一个项目，则需要医生重新开具医嘱。
门诊患者： 
1. 返回开单医生处，说明需求，由医生评估后开具新检查单。 
2. 缴费后到检查科室重新预约或插队（需与科室协调）。 
住院患者： 
返回住院部由管床医生重新开具新医嘱，患者携带检查申请单到我科重新预约或保持此次排队顺序（需与科室协调）。",
,6,什么是低剂量的，什么是高清薄层的？,"低剂量CT通过降低辐射剂量来减少患者的辐射暴露，适用于需要频繁检查的情况，比如年度肺癌筛查。而高清薄层CT则是指高分辨率、薄层扫描的CT技术，能够提供更清晰的图像，用于详细观察小病灶或复杂结构。
具体选择需结合病情、辐射风险和医生建议，避免过度检查。",
,7,要做好久哦？,检查时长根据检查项目而定，如单个部位CT平扫大约2-3分钟，单个部位MR平扫大约10分钟。具体检查时长可咨询检查室医护人员。,
,8,为啥子他要喝水，我不喝水？,检查项目不同，检查要求就不同。,
,9,这个检查是干啥子的嘛？,CT检查通常用于诊断和评估多种疾病和病症，如骨折、肿瘤、脑部疾病、胸部问题等。MR（磁共振成像）检查使用强磁场和无害的无线电波来创建高分辨率的人体内部图像。在检测和诊断许多疾病时非常有用，尤其是涉及大脑、脊椎、肌肉、关节、内脏器官等区域的疾病。检查可协助医生诊断疾病，或观察疾病进展等,
,10,我做这个CT检查，有辐射吗？对家里的宝宝有影响吗？,CT检查是有辐射的，辐射暴露是瞬时的，检查结束后不会对周围人产生影响。,
,11,打了药多久能排出来？,"CT碘对比剂
代谢途径:几乎100%通过肾脏排泄（尿液）；少量通过胆汁、肠道排出（肾功能异常时比例增加）。 
排出时间： 
肾功能正常者：50%在注射后2-4小时排出，90%以上在24小时内排出，完全清除需48-72小时。 
肾功能不全者：可能延长至3-7天。
MRI钆造影剂 
代谢途径： 主要通过肾脏排泄（尿液），少量经肝脏（胆汁）。 
排出时间： 
肾功能正常者： 
80%在6小时内排出，24小时内基本排完。 
肾功能不全者：可能残留数天至数周（需警惕钆沉积风险）。",
,12,一年可以做几次CT检查？,无绝对限制，但需医生评估必要性。频繁随访时，可尝试用MRI或超声替代部分检查。,
,13,辐射剂量大不大？,CT检查的辐射剂量因检查类型、部位和设备技术而异，但总体来说剂量可控，且远低于可能直接造成伤害的阈值。,
,14,这个检查项目是检查啥子的？照不照得到**部位？,根据医生开的检查申请查训到您在我科的检查是*，其中包括***部位。,
,15,上腹部检查包括哪些地方？下腹部呢？,"上腹部（包含肝胆胰脾及所
涵盖区域）、下腹部（指双肾、肾上腺、双肾上缘至盆腔入
口以上所涵盖区域）",
,16,为什么头部检查没有包含垂体/眼眶/鼻咽部？,头部检查主要指的是大脑组织、颅骨、脑室等结构，而垂体、眼眶、鼻咽等属于部同的解剖区域需要特定的扫描参数或角度，和头部不在同一扫面范围。,
,17,胸部就是肺部吗？,胸部主要检查的项目是肺部，也包括胸骨、肩胛骨、锁骨、乳腺等,
,18,这个“X线计算机体层扫描”是什么检查？,"就是平时说的CT检查,X线计算机体层扫描是中文全称",
,19,是不是照了这些部位的，只进去了一次，照完没有哟？,医生开在一张单子上的检查部位都会一次性照完，如果有特殊情况检查医生会与您单独沟通，若无特别交代就是已经做完了,
,20,我这里东西没有取，那里有拉链有没有影响哟，照好没有？,检查部位不能有金属物品即可,
,21,我为什么要做这个检查？,医生会根据你的病情开具事宜的检查,
,22,这个检查看得到哪些部位？,根据医生开的检查申请查询到您在放射科的检查是*检查项目，包括**部位。,
,23,我要检查哪些项目？,根据医生开的检查申请查询到您在放射科的检查项目分别有**,
,24,我这个检查是检查什么的呀？,根据医生开的检查申请查询到您在放射科的检查是*检查项目，包括**部位。,
,25,做几个位置也？,根据医生开的检查申请查询到您在我科的检查是*个部位,
,26,我这个项目医生给我开错了，你们可不可以给我改一下？,您需要去找医生重新开具正确部位的检查申请，,
,27,我这个检查，检查得到肝（各种脏器）不？,根据医生开的检查申请查询到您在放射科的检查是*检查项目，包括**部位。,
,28,我这个检查对身体有没得危害哦？,CT检查和X片的辐射剂量因检查类型、部位和设备技术而异，但总体来说剂量可控，且远低于可能直接造成伤害的阈值。磁共振检查无辐射,
,29,做了这个检查，影响我怀孕不,磁共振不影像。CT或者X线检查需要等待1-3个月,
,30,怀孕可以做CT不哦,一般情况下不建议，但需结合临床需求，需权衡利弊,
,31,做了ct好久才可以备孕啊,建议男性等待3个月，女性1个月经周期，但具体需根据CT类型和检查部位进行调整,
,32,做了检查回家能接触小朋友不？,可以，照片和CT检查的辐射是瞬时的，不会对其他人产生伤害。磁共振检查无辐射,
,33,我明明有3个部位，为什么手机上面只有一个部位？,签到后会推送签到信息到手机，但是项目显示不全。我们会按照检查申请单上的检查项目进行扫描检查。,
,34,我手机上只显示一项检查，但是我不止照一个？,签到后会推送签到信息到手机，但是项目显示不全。我们会按照检查申请单上的检查项目进行扫描检查。,
,35,核磁检查需要憋气，年龄大了憋不住怎么办？,憋气时可以用手捏住鼻子，也可以家属陪同帮忙捏鼻子,
,36,我体内有金属，不知道什么材质了，医院也没办法查怎么办？,如果是做CT或者照片没有影像,
,37,手腕和手不是同一个部位吗？,不是同一个部位，检查重点不一样，手腕主要是检查腕关节，手主要检查手指和手掌。,
八、关于检查地点，患者有哪些疑问和需求,1,我怎么晓得我去哪里检查呀？,1、查看手机短信，缴费几分钟后有短信提醒检查地方和时间；2、可以去挂号的小程序里“我的预约里面查看”；3、可以在签到机上查询,
,2,在哪里可以查询检查地点和时间？,1、查看手机短信，缴费几分钟后有短信提醒检查地方和时间；2、可以去挂号的小程序里“我的预约里面查看”；3、可以在签到机上查询,
,3,检查在什么位置？,1.缴费后可以查看你的短消息或者重医一院微信公众号；2.可以到放射科登记窗口咨询,
,4,单子交给谁？,放射科检查申检单检查时再交到相应检查室的签到处,
,5,我约的是CT8，请问检查室怎么走？,CT8在2号楼负一楼，请按地面指示前往,
,6,为什么前几次都在负一楼做，这次要安排去其它楼层？,放射科的检查都是缴费后系统自动预约的最早时间，哪台设备预约时间短就自动约哪台。,
,7,为什么我上次在2号楼做的，这次又让我去3号楼，甚至虎头岩院区，短信也没有提示。,放射科的检查都是缴费后系统自动预约的最早时间，哪台设备预约时间短就自动约哪台，若本部预约时间过长，会自动预约到等待时间更短的分院去检查。,
,8,检查机器/检查效果是不是一样的？,是一样的，所有的检查都有统一的操作规范和检查要求，而且每周都会对补同机器检查的图像进行抽查，保证图像质量,
,9,这台机器是不是没得那台好？,是一样的，所有的检查都有统一的操作规范和检查要求，而且每周都会对补同机器检查的图像进行抽查，保证图像质量,
,10,国产的是不是没得进口的机器好哟？,每台设备都各有优势。我们都按照设备的特点进行最优的检查安排,
,11,怎么去这个检查地点？1号楼/2号楼/3号楼/5号楼是哪栋楼？怎么走？,您现在是在2号楼负一楼，请到一楼出门诊大厅后询问一下工作人员,
,12,分院在哪里？,经纬院区在渝中区石油路24号；大礼堂院区在渝中区上清寺街道人民路191号；金山院区在渝北区两江新区金渝大道50号,
,13,分院远不远？,经纬院区距本部5公里；大礼堂院区距本部7公里；金山院区距本部19公里,
,14,分院啷个去？坐什么车？,1.可以高德导航：经纬院区在渝中区石油路24号；大礼堂院区在渝中区上清寺街道人民路191号；金山院区在渝北区两江新区金渝大道50号；2.每个院区有班车，具体时间可以到登记窗口咨询；3.门诊大厅电子显示屏上有显示。,
,15,分院检查效果是不是一样的？,一样的，不管在哪个院区检查都是统一的检查规范和流程，出报告的医生也是一样的,
,16,在哪里哦？,先查看微信或者短信上收到的具体检查时间和地方，再根据指示路标到相应检查地点,
,17,你们这个找都找不到地方？,先找几号楼几层，再按地上或墙上标识找到相应检查室,
,18,到了找哪个诶？,到了检查室找签到处或者前台的老师安排具体检查时间,
,19,具体检查室在哪个位置？,"1.1号楼1楼有CT1、CT7和核磁6；2.2号楼负一楼有CT1、CT8、DR1.DR2.DR3和乳腺钼靶检查，2号楼1楼有CT4和核磁4；3.3号楼有CT2、核磁1.核磁2.核磁5和口腔照片室；4.5号楼1楼有CT3、核磁3,5号楼2楼有CT5",
,20,这个地方在那里，怎么走？,先找几号楼几层，再按地上或墙上标识找到相应检查室,
,21,在哪里等？,按照预约时间到相应检查室签到处或者前台有值导老师为您安排具体等候时间和地方,
,22,需要准备撒子不？,1.仔细查看短信或者微信，上面有注意事项提示；2.到相应检查室签到处咨询,
,23,我要在这里登记吗？还是直接去手机发的地方？,按照预约时间到手机信息收到的检查室。,
,24,为什么签到一个地方，做又是一个地方？为什么不在同一个地方？可不可以哪里签到就在哪里做？,目前签到机统一都在2号楼负一楼放射科大厅，其他楼栋签到处或者前台可以人工签到。,
九、表格未涉及的，请补充,1,我有两张单子想一起做怎么办？,如果是同一个医生开的同类型检查分开的两个单子请麻烦医生将医嘱开到一张单子上，如果是不同医生开的单子请到放射科登记室整合,
,2,我想改约检查时间？去哪里操作？怎么操作？,请关注重医一院公众号，选择首页里检查预约，自行改约相应时间，或者是找到放射科登记室人工处理,
,3,关于检查前喝水，喝冷水？还是热水？茶水可以吗？,只有增强CT检查前需要饮水，什么水都可以，冷热都可以，当然最好选用纯净水,
,4,检查完成后，能不能直接上去找医生看病？,检查完成后，系统自动上传图像到医生电脑上，出报告需要24小时左右，可以先询问医生图像情况是否需要后期报告出来后再复诊。,
,5,医生电脑上可以看到报告和片子不？好久看得到啊？,检查完成后系统自动上传图像到医生电脑上，医生电脑上可以看到报告和片子，报告出来的时间大概是24小时左右。,
,6,医生那里什么时候能看到图像？,检查完成后系统自动上传图像到医生电脑上，大概半个小时左右，但实际时间和网络快慢有关，请耐心等待。,
,7,我什么时候找医生看结果比较合适？,检查完成后，系统自动上传图像到医生电脑上，出报告需要24小时左右，可以先询问医生图像情况是否需要后期报告出来后再复诊。,
,8,哪些人可以优先做检查嘛？,退伍军人及年迈老人可以适当优先，但病人量大，也要根据检查室实际情况适当安排，感谢理解。,
,10,为什么做了CT又要做磁共振？,医生一般是根据病情需要开具相应检查，对检查项目有疑问的可以直接询问医生即可,
,11,CT和磁共振哪个好些？,CT和磁共振属于两个不同的检查，没有优劣之分，各有各的优势，主要还是看病情需要选择相应检查,
,12,检查申请单没带能不能做检查？什么都没带能不能做检查？我预约了的，你们电脑上应该查得到,申请单没带的情况可以做检查，但是申请单上如果有医生手写的内容电脑上就看不到哦。,
,13,要交什么单子吗？,缴费以后关注手机短信或者重医一院公众号查看预约信息，检查时携带检查申请单以便查对。,
,14,我预约起没得？我排起队没得？,缴费以后关注手机短信或者重医一院公众号查看预约信息,
,15,怎么表扬和投诉哦？,检查室门口诊间屏有服务反馈二维码可以进行相应表扬和投诉哦,
,16,我吃了**药的能不能做检查？,除了增强CT不能吃二甲双胍以外，其余放射科的检查对药物没有特别的要求。,
,17,我有心脏支架/心脏起搏器能不能做检查？,身体里面安置了东西请到放射科前台处进行相应评估,
,18,我上次做这个检查不舒服/过敏了，还能不能做这个检查？,如果有过敏史请告知放射科工作人员进行评估是否可以做检查。,
,19,请问厕所怎么走？,请就近询问工作人员,
,20,缴费窗口在哪里？,门诊大厅都有缴费的窗口及自助机，在重医一院公众号也可以手机自助缴费,
,21,老年人可不可以优先做检查？好多岁可以优先？,80岁以上老人可以适当优先，但病人量比较大，也要根据检查室实际情况，可以询问检查室工作人员，谢谢理解。,
,22,我需要拷图像，拷得到不，要准备些撒子东西啊？,图像拷贝在7号楼205室，需要携带病人及家属身份证原件及复印件及纸质检查报告复印件，自行准备新U盘即可。,
,23,需要人陪同不？,增强检查及行动不便患者最好是家属陪同,
,24,开的处方单药物我需要去哪里领取？,放射科开具的处方单药物不需要患者自行取用，在检查时我们会直接给你们使用。,
,25,能提前30分钟签到吗？,一般情况是检查当天到了检查时间段再签到，如果有紧急情况可以提前半个小时询问工作人员适当安排。,
,26,拿到结果了，还需要挂号吗？,挂号信息只保留三天，所以如果看完医生是三天后才取到报告就需要重新挂号看医生了。,
,,,,
,,,,
,,,,
,,,,
,,,,
,,,,
,,,,
,,,,
,,,,
,,,,
 ,,,,
 ,,,,
